topic	id0	url0	label0	label@fr0	id1	url1	label1	label@fr1	id2	url2	label2	label@fr2	id3	url3	label3	label@fr3	id4	url4	label4	label@fr4
administration	Q3754526	https://www.wikidata.org/wiki/Q3754526	administration	administration	Q204711	https://www.wikidata.org/wiki/Q204711	Food and Drug Administration	Food and Drug Administration	Q191701	https://www.wikidata.org/wiki/Q191701	Master of Business Administration	maîtrise en administration des affaires	Q23548	https://www.wikidata.org/wiki/Q23548	NASA	National Aeronautics and Space Administration	Q31728	https://www.wikidata.org/wiki/Q31728	public administration	administration publique
agriculture	Q11451	https://www.wikidata.org/wiki/Q11451	agriculture	agriculture	Q173113	https://www.wikidata.org/wiki/Q173113	agronomy	agronomie	Q501542	https://www.wikidata.org/wiki/Q501542	United States Department of Agriculture	département de l'Agriculture des États-Unis	Q50815382	https://www.wikidata.org/wiki/Q50815382	Agriculture		Q3606845	https://www.wikidata.org/wiki/Q3606845	agricultural science	science agricole
alimentation	Q2836942	https://www.wikidata.org/wiki/Q2836942	Alimentation	Alimentation	Q2836957	https://www.wikidata.org/wiki/Q2836957	Alimentation Couche-Tard	Alimentation Couche-Tard	Q93030334	https://www.wikidata.org/wiki/Q93030334	Sommeil et alimentation,alimentation et sommeil		Q72342109	https://www.wikidata.org/wiki/Q72342109	[Alimentation today]		Q67072035	https://www.wikidata.org/wiki/Q67072035	[Biological alimentation]	
allemagne	Q2837854	https://www.wikidata.org/wiki/Q2837854	Allemagne	Allemagne	Q2837849	https://www.wikidata.org/wiki/Q2837849	Allemagne	Allemagne	Q473295	https://www.wikidata.org/wiki/Q473295	Allemagne-en-Provence	Allemagne-en-Provence	Q15750033	https://www.wikidata.org/wiki/Q15750033	Allemagne d'aujourd'hui	Allemagne d'aujourd'hui	Q3177977	https://www.wikidata.org/wiki/Q3177977	Jeune Allemagne	Jeune Allemagne
amour	Q637820	https://www.wikidata.org/wiki/Q637820	Amour	Amour	Q474367	https://www.wikidata.org/wiki/Q474367	Amour	Amour	Q750425	https://www.wikidata.org/wiki/Q750425	Saint-Amour	Saint-Amour	Q30125012	https://www.wikidata.org/wiki/Q30125012	Amour	Amour	Q3246554	https://www.wikidata.org/wiki/Q3246554	Amour	Amour
angleterre	Q29648034	https://www.wikidata.org/wiki/Q29648034	Angleterre lace	point d’angleterre	Q1991154	https://www.wikidata.org/wiki/Q1991154	Angleterre Hotel	hôtel d'Angleterre	Q3080531	https://www.wikidata.org/wiki/Q3080531	France-Angleterre	France-Angleterre	Q28122122	https://www.wikidata.org/wiki/Q28122122	Nouvelle-Angleterre	Nouvelle-Angleterre	Q21	https://www.wikidata.org/wiki/Q21	England	Angleterre
archéologie	Q30024668	https://www.wikidata.org/wiki/Q30024668	Archéologie	Archéologie	Q30765655	https://www.wikidata.org/wiki/Q30765655	Archéologie Médiévale	Archéologie médiévale	Q23498	https://www.wikidata.org/wiki/Q23498	archaeology	archéologie	Q1671076	https://www.wikidata.org/wiki/Q1671076	medieval archaeology	archéologie médiévale	Q96703484	https://www.wikidata.org/wiki/Q96703484	Archéologie du Midi médiéval	Archéologie du Midi médiéval. Supplément
artiste	Q483501	https://www.wikidata.org/wiki/Q483501	artist	artiste	Q3401618	https://www.wikidata.org/wiki/Q3401618	Premier Artiste	Premier Artiste	P2268	https://www.wikidata.org/wiki/P2268	Musée d'Orsay artist ID	identifiant Musée d'Orsay d'un artiste	Q24679854	https://www.wikidata.org/wiki/Q24679854	Artiste Point		Q18236599	https://www.wikidata.org/wiki/Q18236599	Artiste Royal	Artiste Royal
atelier	Q2072285	https://www.wikidata.org/wiki/Q2072285	atelier	atelier d'artiste	Q857825	https://www.wikidata.org/wiki/Q857825	Atelier	Atelier	Q84598697	https://www.wikidata.org/wiki/Q84598697	Atelier	Atelier	Q21692491	https://www.wikidata.org/wiki/Q21692491	Atelier	Atelier (série)	Q530112	https://www.wikidata.org/wiki/Q530112	Atelier	Atelier
attraction	Q1144661	https://www.wikidata.org/wiki/Q1144661	amusement ride	attraction	Q570116	https://www.wikidata.org/wiki/Q570116	tourist attraction	attraction touristique	Q316	https://www.wikidata.org/wiki/Q316	love	amour	Q2800000	https://www.wikidata.org/wiki/Q2800000	attraction		Q24515019	https://www.wikidata.org/wiki/Q24515019	Attraction	Attraction
bibliothèque	Q193563	https://www.wikidata.org/wiki/Q193563	Bibliothèque nationale de France	Bibliothèque nationale de France	P5613	https://www.wikidata.org/wiki/P5613	Bibliothèque de la Pléiade ID	identifiant Bibliothèque de la Pléiade	Q1492436	https://www.wikidata.org/wiki/Q1492436	Gallica	Gallica	Q94435575	https://www.wikidata.org/wiki/Q94435575	BIBLIOTHÈQUE	BIBLIOTHÈQUE	P268	https://www.wikidata.org/wiki/P268	Bibliothèque nationale de France ID	identifiant Bibliothèque nationale de France
bonheur	Q241732	https://www.wikidata.org/wiki/Q241732	Rosa Bonheur	Rosa Bonheur	Q56036981	https://www.wikidata.org/wiki/Q56036981	Bonheur	Bonheur	Q2871069	https://www.wikidata.org/wiki/Q2871069	Auguste Bonheur	Auguste Bonheur	Q37280015	https://www.wikidata.org/wiki/Q37280015	Bonheur	Bonheur	Q2910065	https://www.wikidata.org/wiki/Q2910065	Bonheur	Bonheur, impair et passe
administration	Q3754526	https://www.wikidata.org/wiki/Q3754526	administration	administration	Q204711	https://www.wikidata.org/wiki/Q204711	Food and Drug Administration	Food and Drug Administration	Q191701	https://www.wikidata.org/wiki/Q191701	Master of Business Administration	maîtrise en administration des affaires	Q23548	https://www.wikidata.org/wiki/Q23548	NASA	National Aeronautics and Space Administration	Q31728	https://www.wikidata.org/wiki/Q31728	public administration	administration publique
chaleur	Q74577	https://www.wikidata.org/wiki/Q74577	Chaleur	Chaleur	Q3220976	https://www.wikidata.org/wiki/Q3220976	Montreal – Gaspé train	train Montréal-Gaspé	Q1059646	https://www.wikidata.org/wiki/Q1059646	Chaleur Bay	baie des Chaleurs	Q19508203	https://www.wikidata.org/wiki/Q19508203	Chaleur Humaine	Chaleur humaine	Q27795004	https://www.wikidata.org/wiki/Q27795004	Coup de chaleur	Coup de chaleur
chanson	Q1062400	https://www.wikidata.org/wiki/Q1062400	chanson	chanson française	Q18012876	https://www.wikidata.org/wiki/Q18012876	Chanson	chanson	Q651019	https://www.wikidata.org/wiki/Q651019	chanson de geste	chanson de geste	Q1062328	https://www.wikidata.org/wiki/Q1062328	Chanson		Q37450807	https://www.wikidata.org/wiki/Q37450807	Chanson	Chanson
chimie	Q2990850	https://www.wikidata.org/wiki/Q2990850	Comptes Rendus Chimie	Comptes Rendus Chimie	Q2963665	https://www.wikidata.org/wiki/Q2963665	Chimie ParisTech	Chimie ParisTech	Q273638	https://www.wikidata.org/wiki/Q273638	ESPCI ParisTech	École supérieure de physique et de chimie industrielles de la ville de Paris	Q27710181	https://www.wikidata.org/wiki/Q27710181	Bulletin de la Societe de chimie biologique	Bulletin de la Société de chimie biologique	Q2329	https://www.wikidata.org/wiki/Q2329	chemistry	chimie
chine	Q2197893	https://www.wikidata.org/wiki/Q2197893	chine	chine	Q16768956	https://www.wikidata.org/wiki/Q16768956	Chine	Chine	Q24697382	https://www.wikidata.org/wiki/Q24697382	Chine	Chine	Q7969879	https://www.wikidata.org/wiki/Q7969879	warp printing	imprimé sur chaîne	Q490032	https://www.wikidata.org/wiki/Q490032	chine	bouchain
citoyen	Q2974461	https://www.wikidata.org/wiki/Q2974461	Citoyen	Citoyen	Q2974460	https://www.wikidata.org/wiki/Q2974460	Citoyen	Citoyen	Q359322	https://www.wikidata.org/wiki/Q359322	French citizen	citoyen français	Q3407908	https://www.wikidata.org/wiki/Q3407908	Protecteur du citoyen	Protecteur du citoyen	Q27180856	https://www.wikidata.org/wiki/Q27180856	Citoyen Birard	Citoyen Birard
civilisation	Q18888043	https://www.wikidata.org/wiki/Q18888043	Civilisation	Civilisation	Q1094497	https://www.wikidata.org/wiki/Q1094497	Civilisation		Q1705530	https://www.wikidata.org/wiki/Q1705530	Musée de la civilisation	Musée de la civilisation	Q62616547	https://www.wikidata.org/wiki/Q62616547	Civilisation		Q2974878	https://www.wikidata.org/wiki/Q2974878	Civilization: 1914-1917	Civilisation
classification	Q861670	https://www.wikidata.org/wiki/Q861670	British Board of Film Classification	British Board of Film Classification	Q22936940	https://www.wikidata.org/wiki/Q22936940	competition class	classe de compétition	Q48460	https://www.wikidata.org/wiki/Q48460	Dewey Decimal Classification	classification décimale de Dewey	Q836985	https://www.wikidata.org/wiki/Q836985	car classification	Classification des automobiles	Q142667	https://www.wikidata.org/wiki/Q142667	Transporter Classification database	TCDB
collection	Q20655472	https://www.wikidata.org/wiki/Q20655472	editorial collection	collection éditoriale	Q59294700	https://www.wikidata.org/wiki/Q59294700	record group	groupe d'enregistrements	P195	https://www.wikidata.org/wiki/P195	collection	collection	Q2668072	https://www.wikidata.org/wiki/Q2668072	collection	collection	Q208165	https://www.wikidata.org/wiki/Q208165	collecting	collectionnisme
comédie	P5616	https://www.wikidata.org/wiki/P5616	Comédie-Française ID	identifiant Comédie-Française	Q50188	https://www.wikidata.org/wiki/Q50188	La Comédie humaine	La Comédie humaine	Q83666891	https://www.wikidata.org/wiki/Q83666891	Rosa 'Comédie'	Rosa ’Comédie’	Q61460498	https://www.wikidata.org/wiki/Q61460498	Comédie-Française	Comédie-Française	Q28864898	https://www.wikidata.org/wiki/Q28864898	Comédie	Comédie
comédien	Q101114496	https://www.wikidata.org/wiki/Q101114496	et un autre comédien	et un autre comédien	Q65386928	https://www.wikidata.org/wiki/Q65386928	Le comédien au théâtre	Le comédien au théâtre	Q3524205	https://www.wikidata.org/wiki/Q3524205	Thierry Debrune	Thierry Debrune	Q3221683	https://www.wikidata.org/wiki/Q3221683	Le Comédien	Le Comédien	Q56621487	https://www.wikidata.org/wiki/Q56621487	De l'Art du Comédien	
commerce	Q26643	https://www.wikidata.org/wiki/Q26643	commerce	commerce	Q503577	https://www.wikidata.org/wiki/Q503577	United States Department of Commerce	département du Commerce des États-Unis	Q917540	https://www.wikidata.org/wiki/Q917540	Commerce	Commerce	Q484847	https://www.wikidata.org/wiki/Q484847	e-commerce	commerce en ligne	Q979151	https://www.wikidata.org/wiki/Q979151	Commerce	Commerce
contrat	Q3221754	https://www.wikidata.org/wiki/Q3221754	Le Contrat	Le Contrat	Q27715744	https://www.wikidata.org/wiki/Q27715744	Le Contrat social	Le Contrat social	Q2995839	https://www.wikidata.org/wiki/Q2995839	Contrat social	Contrat social	Q2995794	https://www.wikidata.org/wiki/Q2995794	Contrat de partenariat	Contrat de partenariat	Q462858	https://www.wikidata.org/wiki/Q462858	Contrat nouvelle embauche	Contrat nouvelles embauches
corps	Q188497	https://www.wikidata.org/wiki/Q188497	corps	corps d'armée	Q1060535	https://www.wikidata.org/wiki/Q1060535	Corps	Corps	Q11218	https://www.wikidata.org/wiki/Q11218	United States Marine Corps	Corps des Marines des États-Unis	Q458620	https://www.wikidata.org/wiki/Q458620	Peace Corps	corps de la Paix	Q1049334	https://www.wikidata.org/wiki/Q1049334	United States Army Corps of Engineers	Corps des ingénieurs de l'armée des États-Unis
correspondance	Q2997898	https://www.wikidata.org/wiki/Q2997898	Correspondance	Correspondance	Q3407284	https://www.wikidata.org/wiki/Q3407284	Correspondance	Correspondance	Q1004380	https://www.wikidata.org/wiki/Q1004380	Bulletin de Correspondance Hellenique	Bulletin de correspondance hellénique	Q42188258	https://www.wikidata.org/wiki/Q42188258	Correspondance		P7466	https://www.wikidata.org/wiki/P7466	Edvard Munch's correspondance person ID	
couleur	Q1136952	https://www.wikidata.org/wiki/Q1136952	Couleur		Q16802209	https://www.wikidata.org/wiki/Q16802209	Couleur	Couleur	Q65100331	https://www.wikidata.org/wiki/Q65100331	Couleur	Couleur	Q101471526	https://www.wikidata.org/wiki/Q101471526	Couleur		Q223765	https://www.wikidata.org/wiki/Q223765	SECAM	SÉCAM
cour	Q26837375	https://www.wikidata.org/wiki/Q26837375	Cour	Cour	Q69154911	https://www.wikidata.org/wiki/Q69154911	podcast series season		Q3000894	https://www.wikidata.org/wiki/Q3000894	Cour	Cour	Q47115817	https://www.wikidata.org/wiki/Q47115817	P. Cour		Q1429296	https://www.wikidata.org/wiki/Q1429296	Cour-Cheverny	Cour-Cheverny
danemark	Q29406565	https://www.wikidata.org/wiki/Q29406565	Danemark	Danemark	Q35382233	https://www.wikidata.org/wiki/Q35382233	Danemark	Danemark (Bømlo)	Q35	https://www.wikidata.org/wiki/Q35	Denmark	Danemark	Q83660425	https://www.wikidata.org/wiki/Q83660425	Rosa 'Reine du Danemark'	Rosa ’Reine du Danemark’	Q55874421	https://www.wikidata.org/wiki/Q55874421	Dänemark, Prinz, 1745-1747 Christian	Dänemark, Prinz, 1745-1747 Christian
décoration	Q145752	https://www.wikidata.org/wiki/Q145752	Purple Heart	Purple Heart	Q83666985	https://www.wikidata.org/wiki/Q83666985	Rosa 'Décoration de Geschwindt'	Rosa ’Décoration de Geschwindt’	Q2864507	https://www.wikidata.org/wiki/Q2864507	Art & décoration	Art & Décoration	Q335261	https://www.wikidata.org/wiki/Q335261	ornament	ornement	Q14066931	https://www.wikidata.org/wiki/Q14066931	Décoration de la Fidélité	Décoration de la Fidélité
dessin	Q37459523	https://www.wikidata.org/wiki/Q37459523	Dessin	Dessin	Q1200913	https://www.wikidata.org/wiki/Q1200913	Dessin	Dessin	Q11320631	https://www.wikidata.org/wiki/Q11320631	Dessin		Q66544494	https://www.wikidata.org/wiki/Q66544494	Gustave Dessin	Gustave Dessin	Q15296811	https://www.wikidata.org/wiki/Q15296811	drawer	dessinateur
dialogue	Q131395	https://www.wikidata.org/wiki/Q131395	dialogue	dialogue	Q3025978	https://www.wikidata.org/wiki/Q3025978	dialogue	dialogue	Q5270595	https://www.wikidata.org/wiki/Q5270595	Dialogue: Canadian Philosophical Review	Dialogue: Canadian Philosophical Review	Q1208500	https://www.wikidata.org/wiki/Q1208500	Dialogue	Dialogue	Q427392	https://www.wikidata.org/wiki/Q427392	Dialogue	Dialogue
dictionnaire	Q1210353	https://www.wikidata.org/wiki/Q1210353	Dictionnaire Infernal	Dictionnaire infernal	P4687	https://www.wikidata.org/wiki/P4687	Dictionnaire des peintres belges ID	identifiant Dictionnaire des peintres belges	Q30494718	https://www.wikidata.org/wiki/Q30494718	Dictionnaire des Wallons	Dictionnaire des Wallons	P6302	https://www.wikidata.org/wiki/P6302	Dictionnaire de spiritualité ID	identifiant Dictionnaire de spiritualité	P6342	https://www.wikidata.org/wiki/P6342	Dictionnaire des Wallons ID	identifiant Dictionnaire des Wallons
dieu	Q249464	https://www.wikidata.org/wiki/Q249464	La Chaise-Dieu	La Chaise-Dieu	Q37470188	https://www.wikidata.org/wiki/Q37470188	Dieu	Dieu	Q2853870	https://www.wikidata.org/wiki/Q2853870	Antoine Dieu	Antoine Dieu	Q548020	https://www.wikidata.org/wiki/Q548020	La Bénisson-Dieu	La Bénisson-Dieu	Q1431584	https://www.wikidata.org/wiki/Q1431584	Lagrâce-Dieu	Lagrâce-Dieu
drame	Q37450532	https://www.wikidata.org/wiki/Q37450532	Drame	Drame	Q3038931	https://www.wikidata.org/wiki/Q3038931	Drame	Drame	Q3038954	https://www.wikidata.org/wiki/Q3038954	Dramé	Dramé	Q895037	https://www.wikidata.org/wiki/Q895037	Boukary Dramé	Boukary Dramé	Q775684	https://www.wikidata.org/wiki/Q775684	Tiébilé Dramé	Tiébilé Dramé
écosse	Q22	https://www.wikidata.org/wiki/Q22	Scotland	Écosse	Q1952	https://www.wikidata.org/wiki/Q1952	Nova Scotia	Nouvelle-Écosse	Q211106	https://www.wikidata.org/wiki/Q211106	Moray	Moray	Q202177	https://www.wikidata.org/wiki/Q202177	Angus	Angus	Q211870	https://www.wikidata.org/wiki/Q211870	Paisley	Paisley
éducation	Q91051340	https://www.wikidata.org/wiki/Q91051340	safety education	éducation pour la sécurité	Q7922	https://www.wikidata.org/wiki/Q7922	pedagogy	pédagogie	Q189004	https://www.wikidata.org/wiki/Q189004	college	collège	Q47008626	https://www.wikidata.org/wiki/Q47008626	Administration et Éducation	Administration et éducation	Q192280	https://www.wikidata.org/wiki/Q192280	sex education	éducation sexuelle
égalité	Q251583	https://www.wikidata.org/wiki/Q251583	Liberté, égalité, fraternité	Liberté, Égalité, Fraternité	Q194145	https://www.wikidata.org/wiki/Q194145	Château-Thierry	Château-Thierry	Q201906	https://www.wikidata.org/wiki/Q201906	Uzerche	Uzerche	Q1087425	https://www.wikidata.org/wiki/Q1087425	Le Château-d'Oléron	Le Château-d'Oléron	Q30278715	https://www.wikidata.org/wiki/Q30278715	Parti égalité et justice	Parti égalité et justice
électricité	Q274591	https://www.wikidata.org/wiki/Q274591	Électricité de France	Électricité de France	Q1572655	https://www.wikidata.org/wiki/Q1572655	École spéciale de mécanique et d'électricité	École spéciale de mécanique et d'électricité	Q12725	https://www.wikidata.org/wiki/Q12725	electricity	électricité	Q64305332	https://www.wikidata.org/wiki/Q64305332	Électricité agricole		Q3209311	https://www.wikidata.org/wiki/Q3209311	La Fée Électricité	La Fée Électricité
encyclopédie	Q447	https://www.wikidata.org/wiki/Q447	Encyclopédie	Encyclopédie, ou dictionnaire raisonné des sciences, des arts et des métiers	Q744738	https://www.wikidata.org/wiki/Q744738	Encyclopédistes	collaborateur de l'Encyclopédie	P8472	https://www.wikidata.org/wiki/P8472	Encyclopedie berbere ID	identifiant Encyclopédie berbère	P6058	https://www.wikidata.org/wiki/P6058	Larousse ID	identifiant Larousse	Q1340176	https://www.wikidata.org/wiki/Q1340176	Yverdon Encyclopedia	Encyclopédie, ou dictionnaire universel raisonné des connaissances humaines
énergie	Q195833	https://www.wikidata.org/wiki/Q195833	Direct Énergie	Total Direct Énergie	Q24004918	https://www.wikidata.org/wiki/Q24004918	Énergie	Énergie	Q65168521	https://www.wikidata.org/wiki/Q65168521	Énergie	Énergie	Q58217971	https://www.wikidata.org/wiki/Q58217971	2019 Total Direct Énergie	Total Direct Énergie 2019	Q21915603	https://www.wikidata.org/wiki/Q21915603	Direct Énergie 2016	Direct Énergie 2016
enfance	Q27720106	https://www.wikidata.org/wiki/Q27720106	Enfance (journal)	Enfance	Q19609019	https://www.wikidata.org/wiki/Q19609019	Une Enfance	Une enfance	Q19168153	https://www.wikidata.org/wiki/Q19168153	Enfance	Enfance	Q24574732	https://www.wikidata.org/wiki/Q24574732	Enfance	Enfance	Q58108014	https://www.wikidata.org/wiki/Q58108014	Enfance	
espèce	Q10738590	https://www.wikidata.org/wiki/Q10738590	Espèce	Espèce	Q183368	https://www.wikidata.org/wiki/Q183368	invasive species	espèce envahissante	Q278113	https://www.wikidata.org/wiki/Q278113	vulnerable	espèce vulnérable	P6043	https://www.wikidata.org/wiki/P6043	Espèces Envahissantes Outre-mer ID	identifiant Espèces Envahissantes Outre-mer	Q14757728	https://www.wikidata.org/wiki/Q14757728	Description d’une nouvelle espèce de Cereus du Mexique	
essai	Q248760	https://www.wikidata.org/wiki/Q248760	Neauphe-sous-Essai	Neauphe-sous-Essai	Q25221873	https://www.wikidata.org/wiki/Q25221873	Essai		Q19922594	https://www.wikidata.org/wiki/Q19922594	Essai	Essai	Q19248606	https://www.wikidata.org/wiki/Q19248606	Essaï Altounian	Essaï	Q35760	https://www.wikidata.org/wiki/Q35760	essay	essai
esthétique	Q3058996	https://www.wikidata.org/wiki/Q3058996	Esthétique	Esthétique	Q96697935	https://www.wikidata.org/wiki/Q96697935	EMC - Cosmétologie et dermatologie esthétique	EMC Cosmétologie et dermatologie esthétique	Q2593366	https://www.wikidata.org/wiki/Q2593366	La Libre Esthétique	La Libre Esthétique	Q62117833	https://www.wikidata.org/wiki/Q62117833	Jardinière 570 - Esthétique		Q15754861	https://www.wikidata.org/wiki/Q15754861	Annales de Chirurgie Plastique et Esthetique	Annales de Chirurgie Plastique et Esthetique
état	Q1069376	https://www.wikidata.org/wiki/Q1069376	Chemins de fer de l'État	Administration des chemins de fer de l'État	Q79918	https://www.wikidata.org/wiki/Q79918	Durango	Durango	Q76048	https://www.wikidata.org/wiki/Q76048	Congo Free State	État indépendant du Congo	Q175	https://www.wikidata.org/wiki/Q175	São Paulo	São Paulo	Q34110	https://www.wikidata.org/wiki/Q34110	Oaxaca	Oaxaca
famille	Q5029982	https://www.wikidata.org/wiki/Q5029982	Canadian Family Physician	Le Médecin de famille canadien	Q1570068	https://www.wikidata.org/wiki/Q1570068	Sans Famille	Sans famille	Q27717768	https://www.wikidata.org/wiki/Q27717768	Population et famille	Population et famille	Q8436	https://www.wikidata.org/wiki/Q8436	family	famille	Q35409	https://www.wikidata.org/wiki/Q35409	family	famille
fête	Q17135873	https://www.wikidata.org/wiki/Q17135873	fête		Q1177142	https://www.wikidata.org/wiki/Q1177142	Fête	Fête	Q16038	https://www.wikidata.org/wiki/Q16038	Le Fête	Le Fête	Q1185399	https://www.wikidata.org/wiki/Q1185399	Fête galante	fête galante	Q1129327	https://www.wikidata.org/wiki/Q1129327	Fête de la Musique	Fête de la musique
fonction	Q97768154	https://www.wikidata.org/wiki/Q97768154	cadres de la fonction publique	cadres de la fonction publique	Q7124287	https://www.wikidata.org/wiki/Q7124287	Page of the Backstairs	page de l'escalier	Q3075239	https://www.wikidata.org/wiki/Q3075239	Fonction logistique	Fonction logistique	Q16636517	https://www.wikidata.org/wiki/Q16636517	Fonction indicatrice	Fonction indicatrice	Q3075217	https://www.wikidata.org/wiki/Q3075217	Fonction de masse	Fonction de masse
fortification	Q57821	https://www.wikidata.org/wiki/Q57821	fortification	fortification	Q91203	https://www.wikidata.org/wiki/Q91203	sconce	retranchement	Q5472629	https://www.wikidata.org/wiki/Q5472629	Fortification	Fortification	Q5472626	https://www.wikidata.org/wiki/Q5472626	Fortification	Fortification	Q12797	https://www.wikidata.org/wiki/Q12797	star fort	fortification bastionnée
france	Q47774	https://www.wikidata.org/wiki/Q47774	France national association football team	équipe de France de football	Q142	https://www.wikidata.org/wiki/Q142	France	France	Q70972	https://www.wikidata.org/wiki/Q70972	Kingdom of France	royaume de France	Q193563	https://www.wikidata.org/wiki/Q193563	Bibliothèque nationale de France	Bibliothèque nationale de France	Q70802	https://www.wikidata.org/wiki/Q70802	French Third Republic	Troisième République française
gaz	Q28616	https://www.wikidata.org/wiki/Q28616	GAZ	GAZ	Q30067	https://www.wikidata.org/wiki/Q30067	Gaz	Gaz	Q80825	https://www.wikidata.org/wiki/Q80825	Gaz	Gaz	Q856790	https://www.wikidata.org/wiki/Q856790	CS Gaz Metan Mediaș	CS Gaz Metan Mediaș	Q1496601	https://www.wikidata.org/wiki/Q1496601	Gaz	gaz
génération	Q31400965	https://www.wikidata.org/wiki/Q31400965	Génération.s	Génération.s	Q129781	https://www.wikidata.org/wiki/Q129781	first generation of video game consoles	histoire des consoles de jeux vidéo de première génération	Q23005911	https://www.wikidata.org/wiki/Q23005911	Génération Foot	Génération Foot	Q52382965	https://www.wikidata.org/wiki/Q52382965	Génération identitaire	Génération identitaire	Q58476290	https://www.wikidata.org/wiki/Q58476290	De génération en génération	De génération en génération: Identités et projets identitaires de Montréalais de la « deuxième génération »
génie	Q104854669	https://www.wikidata.org/wiki/Q104854669	Génie	Génie	Q102212787	https://www.wikidata.org/wiki/Q102212787	Le génie lesbien	Le génie lesbien	Q2871213	https://www.wikidata.org/wiki/Q2871213	Auguste Génie	Auguste Génie	Q50885855	https://www.wikidata.org/wiki/Q50885855	Fernand Génie		Q15510888	https://www.wikidata.org/wiki/Q15510888	Le Génie des alpages	Le Génie des alpages
géométrie	Q210113	https://www.wikidata.org/wiki/Q210113	La Géométrie	La Géométrie	Q55869396	https://www.wikidata.org/wiki/Q55869396	Géométrie algébrique et géométrie analytique		Q8087	https://www.wikidata.org/wiki/Q8087	geometry	géométrie	Q911331	https://www.wikidata.org/wiki/Q911331	molecular geometry	géométrie moléculaire	Q274808	https://www.wikidata.org/wiki/Q274808	Éléments de géométrie algébrique	Éléments de géométrie algébrique
goût	Q635031	https://www.wikidata.org/wiki/Q635031	Nohant-en-Goût	Nohant-en-Goût	Q33283351	https://www.wikidata.org/wiki/Q33283351	Emmanuel Goût	Emmanuel Goût	Q1385421	https://www.wikidata.org/wiki/Q1385421	Goût Rothschild	Goût Rothschild	Q3541371	https://www.wikidata.org/wiki/Q3541371	Trésors du Goût	Trésors du Goût	Q89418160	https://www.wikidata.org/wiki/Q89418160	Par Goût	Par Goût
gouvernement	Q4614523	https://www.wikidata.org/wiki/Q4614523	Gouvernement	Gouvernement	Q30597171	https://www.wikidata.org/wiki/Q30597171	Gouvernement von Deutsch-Südwestafrika		Q214094	https://www.wikidata.org/wiki/Q214094	Homs Governorate	Gouvernorat de Homs	Q3112041	https://www.wikidata.org/wiki/Q3112041	Gouvernement Fico	Gouvernement Fico	Q319632	https://www.wikidata.org/wiki/Q319632	Beqaa Governorate	Bekaa
tour	Q1573906	https://www.wikidata.org/wiki/Q1573906	concert tour	tournée	Q33881	https://www.wikidata.org/wiki/Q33881	Tour de France	Tour de France	Q243	https://www.wikidata.org/wiki/Q243	Eiffel Tower	tour Eiffel	Q63523985	https://www.wikidata.org/wiki/Q63523985	Quiero volver Tour	Quiero Volver Tour	Q59307576	https://www.wikidata.org/wiki/Q59307576	2019 UCI Europe Tour	UCI Europe Tour 2019
gravure	Q3115800	https://www.wikidata.org/wiki/Q3115800	Gravure	Gravure	Q19205165	https://www.wikidata.org/wiki/Q19205165	Gravure	La Gravure	Q1328668	https://www.wikidata.org/wiki/Q1328668	gravure idol	gravure idol	Q96329107	https://www.wikidata.org/wiki/Q96329107	Gravure		Q28466318	https://www.wikidata.org/wiki/Q28466318	Centre de la gravure et de l'image imprimée	Centre de la gravure et de l'image imprimée
"guerre, paix "	Q3329185	https://www.wikidata.org/wiki/Q3329185		musée Guerre et Paix en Ardennes	Q60029075	https://www.wikidata.org/wiki/Q60029075	Une enfance entre Guerre et Paix	Une enfance entre Guerre et Paix	Q40897688	https://www.wikidata.org/wiki/Q40897688	Guerre et Paix	Guerre et Paix	Q101084641	https://www.wikidata.org/wiki/Q101084641	Guerre et Paix	Guerre et Paix	Q101095613	https://www.wikidata.org/wiki/Q101095613	Guerre et Paix	Guerre et Paix
hasard	Q228937	https://www.wikidata.org/wiki/Q228937	Au Hasard Balthazar	Au hasard Balthazar	Q18221905	https://www.wikidata.org/wiki/Q18221905	Par hasard	Par hasard	Q24691401	https://www.wikidata.org/wiki/Q24691401	Saut Par Hasard		Q3226970	https://www.wikidata.org/wiki/Q3226970	Le Sceptre du hasard	Le Sceptre du hasard	Q54862048	https://www.wikidata.org/wiki/Q54862048	Compagnie Du Hasard	Compagnie Du Hasard
histoire	Q27715882	https://www.wikidata.org/wiki/Q27715882	Histoire (Paris, France)		Q13927798	https://www.wikidata.org/wiki/Q13927798	Histoire des Sciences Medicales	Histoire des sciences médicales	Q310011	https://www.wikidata.org/wiki/Q310011	Histoire	Histoire	Q3362192	https://www.wikidata.org/wiki/Q3362192	panel Histoire de Paris	panneau Histoire de Paris	Q3136537	https://www.wikidata.org/wiki/Q3136537	Histoire	Histoire
idée	Q286000	https://www.wikidata.org/wiki/Q286000	Émile Idée	Émile Idée	Q16267932	https://www.wikidata.org/wiki/Q16267932	Jean-Claude Idée	Jean-Claude Idée	Q5989971	https://www.wikidata.org/wiki/Q5989971	Idée Fixe	Idée Fixe	Q2947109	https://www.wikidata.org/wiki/Q2947109	Cette idée-là	Cette idée-là	Q97669114	https://www.wikidata.org/wiki/Q97669114	'Idée de porte' by Jean-Marc Navez (1982)	"""Idée de porte"" par Jean-Marc Navez (1982)"
illustration	Q178659	https://www.wikidata.org/wiki/Q178659	illustration	illustration	Q861181	https://www.wikidata.org/wiki/Q861181	illustration		Q21550668	https://www.wikidata.org/wiki/Q21550668	illustration		Q3148762	https://www.wikidata.org/wiki/Q3148762	Illustration	Illustration	Q27711968	https://www.wikidata.org/wiki/Q27711968	Medical & biological illustration	
inspiration	Q840343	https://www.wikidata.org/wiki/Q840343	inhalation	inhalation	P941	https://www.wikidata.org/wiki/P941	inspired by	inspiré de	Q2091999	https://www.wikidata.org/wiki/Q2091999	Inspiration	L'Inspiratrice	Q1757618	https://www.wikidata.org/wiki/Q1757618	Inspiration	Inspiration	Q346679	https://www.wikidata.org/wiki/Q346679	Inspiration	Inspiration
instruction	Q216200	https://www.wikidata.org/wiki/Q216200	legal norm	règle de droit	Q925783	https://www.wikidata.org/wiki/Q925783	instruction	instruction machine	Q272683	https://www.wikidata.org/wiki/Q272683	instruction set architecture	jeu d'instructions	Q20816930	https://www.wikidata.org/wiki/Q20816930	machine instruction	Instruction-machine	Q30525315	https://www.wikidata.org/wiki/Q30525315	Instruction	Instruction
intérêt	Q43460471	https://www.wikidata.org/wiki/Q43460471	Les Enquêtes de 1339 en Dauphiné et en Faucigny : intérêt démographique	Les Enquêtes de 1339 en Dauphiné et en Faucigny : intérêt démographique	Q91579017	https://www.wikidata.org/wiki/Q91579017	Intérêt du quantiféron en dépistage		Q57481939	https://www.wikidata.org/wiki/Q57481939	Intérêt et prix (1898) Commentaire de R. Boyer		Q94484567	https://www.wikidata.org/wiki/Q94484567	INTÉRÊT TAXONOMIQUE DES CARACTÈRES ÉPIDERMIQUES DANS LE COMPLEXE PHASEOLUS — VIGNA	INTÉRÊT TAXONOMIQUE DES CARACTÈRES ÉPIDERMIQUES DANS LE COMPLEXE PHASEOLUS — VIGNA	Q58525832	https://www.wikidata.org/wiki/Q58525832	Jean Monnet, banquier, 1914–1945. Intérêts privés et intérêt général	
islam	Q432	https://www.wikidata.org/wiki/Q432	Islam	islam	Q843909	https://www.wikidata.org/wiki/Q843909	Islamic studies	études islamiques	Q483654	https://www.wikidata.org/wiki/Q483654	Sunni Islam	sunnisme	Q9585	https://www.wikidata.org/wiki/Q9585	Shia Islam	chiisme	Q189746	https://www.wikidata.org/wiki/Q189746	Islamism	islamisme
italie	Q131479	https://www.wikidata.org/wiki/Q131479	Dominican Order	ordre des Prêcheurs	Q3155865	https://www.wikidata.org/wiki/Q3155865	Italie	Italie	Q38	https://www.wikidata.org/wiki/Q38	Italy	Italie	Q747074	https://www.wikidata.org/wiki/Q747074	comune of Italy	commune d'Italie	Q172579	https://www.wikidata.org/wiki/Q172579	Kingdom of Italy	royaume d'Italie
japon	Q1072282	https://www.wikidata.org/wiki/Q1072282	Japón	Japón	Q130436	https://www.wikidata.org/wiki/Q130436	history of Japan	histoire du Japon	Q17	https://www.wikidata.org/wiki/Q17	Japan	Japon	Q11226871	https://www.wikidata.org/wiki/Q11226871	Japón	Japon	Q170566	https://www.wikidata.org/wiki/Q170566	Japan national football team	équipe du Japon de football
justice	Q5167661	https://www.wikidata.org/wiki/Q5167661	justice	justice	Q16533	https://www.wikidata.org/wiki/Q16533	judge	juge	Q329178	https://www.wikidata.org/wiki/Q329178	Justice	Justice	Q2456850	https://www.wikidata.org/wiki/Q2456850	Justice	Justice	Q1413677	https://www.wikidata.org/wiki/Q1413677	justice ministry	ministère de la Justice
langue	Q2395542	https://www.wikidata.org/wiki/Q2395542	Langue	Langue	Q4113741	https://www.wikidata.org/wiki/Q4113741	langue	langue	Q1217854	https://www.wikidata.org/wiki/Q1217854	Langue	Langue	Q14185	https://www.wikidata.org/wiki/Q14185	Occitan	occitan	Q34024	https://www.wikidata.org/wiki/Q34024	Picard	picard
liberté	Q747890	https://www.wikidata.org/wiki/Q747890	Liberté	Liberté	Q1725892	https://www.wikidata.org/wiki/Q1725892	Liberté	Liberté	Q3237831	https://www.wikidata.org/wiki/Q3237831	Liberté	Liberté	Q842706	https://www.wikidata.org/wiki/Q842706	Urt	Urt	Q4118934	https://www.wikidata.org/wiki/Q4118934	Liberté	Liberté
littérature	Q15760642	https://www.wikidata.org/wiki/Q15760642	Littérature	Littérature	Q3256747	https://www.wikidata.org/wiki/Q3256747	Littérature	Littérature	P4549	https://www.wikidata.org/wiki/P4549	ARLIMA ID	identifiant Archives de littérature du Moyen Âge	Q3114796	https://www.wikidata.org/wiki/Q3114796	Grand prix de littérature de l'Académie française	grand prix de littérature de l'Académie française	P6226	https://www.wikidata.org/wiki/P6226	ARLLFB member ID	identifiant Académie royale de langue et de littérature françaises de Belgique
"livre, lecture "	P5543	https://www.wikidata.org/wiki/P5543	Livre et lecture en Bretagne ID	identifiant Livre et lecture en Bretagne	Q55710654	https://www.wikidata.org/wiki/Q55710654	Livre et lecture en Bretagne	Livre et lecture en Bretagne	Q57560458	https://www.wikidata.org/wiki/Q57560458		Agence Livre & Lecture Bourgogne-Franche-Comté́	Q58165138	https://www.wikidata.org/wiki/Q58165138	La valeur littéraire du livre comme promoteur principal de la lecture		Q1076533	https://www.wikidata.org/wiki/Q1076533	The Last Lecture	
machine	Q11019	https://www.wikidata.org/wiki/Q11019	machine	machine	Q2539	https://www.wikidata.org/wiki/Q2539	machine learning	apprentissage automatique	Q839546	https://www.wikidata.org/wiki/Q839546	machine element	composant de machine	Q192851	https://www.wikidata.org/wiki/Q192851	arcade game machine	jeu d'arcade	Q178692	https://www.wikidata.org/wiki/Q178692	crane	grue
mécanisme	Q17113671	https://www.wikidata.org/wiki/Q17113671	Mécanisme de la physionomie humaine		Q59890767	https://www.wikidata.org/wiki/Q59890767	Des évolutionnismes sans mécanisme		Q60669377	https://www.wikidata.org/wiki/Q60669377	Le mécanisme du transfert linguistique		Q93710474	https://www.wikidata.org/wiki/Q93710474	Le Mécanisme de la Vision des Couleurs		Q100318316	https://www.wikidata.org/wiki/Q100318316	Mécanisme d’éclosion des moustiques	Mécanisme d’éclosion des moustiques
montagne	Q199457	https://www.wikidata.org/wiki/Q199457	Montagne	Montagne	Q1069143	https://www.wikidata.org/wiki/Q1069143	Montagne	Montagne	Q296043	https://www.wikidata.org/wiki/Q296043	Montagne	Montagne	Q228183	https://www.wikidata.org/wiki/Q228183	Montagne	Montagne	Q97066506	https://www.wikidata.org/wiki/Q97066506	Ambroise Montagne	Ambroise Montagne
monument	Q4989906	https://www.wikidata.org/wiki/Q4989906	monument	monument	Q907116	https://www.wikidata.org/wiki/Q907116	National monument of Spain	monument historique	Q1946521	https://www.wikidata.org/wiki/Q1946521	Monument	Monument Records	Q916475	https://www.wikidata.org/wiki/Q916475	Historical Monument	monument historique	Q23790	https://www.wikidata.org/wiki/Q23790	natural monument	monument naturel
mythologie	Q27942638	https://www.wikidata.org/wiki/Q27942638	Mythologie	Mythologie	Q34726	https://www.wikidata.org/wiki/Q34726	Greek mythology	mythologie grecque	Q9134	https://www.wikidata.org/wiki/Q9134	mythology	mythologie	Q55525194	https://www.wikidata.org/wiki/Q55525194	Estnische Mythologie	Estnische Mythologie	Q128285	https://www.wikidata.org/wiki/Q128285	Norse mythology	mythologie nordique
nation	Q6266	https://www.wikidata.org/wiki/Q6266	nation	nation	Q1418711	https://www.wikidata.org/wiki/Q1418711	Nation	Nation	Q597897	https://www.wikidata.org/wiki/Q597897	nation	Nation universitaire	Q1768180	https://www.wikidata.org/wiki/Q1768180	Nation	Nation	Q179671	https://www.wikidata.org/wiki/Q179671	nation state	État-nation
nature	Q180445	https://www.wikidata.org/wiki/Q180445	Nature	Nature	Q7860	https://www.wikidata.org/wiki/Q7860	nature	nature	Q179049	https://www.wikidata.org/wiki/Q179049	nature reserve	réserve naturelle	Q573880	https://www.wikidata.org/wiki/Q573880	Nature Communications	Nature Communications	Q1402540	https://www.wikidata.org/wiki/Q1402540	Mother Nature	Mère Nature
noblesse	Q493375	https://www.wikidata.org/wiki/Q493375	Noblesse	Noblesse	Q7045843	https://www.wikidata.org/wiki/Q7045843	Noblesse	Noblesse	Q7045841	https://www.wikidata.org/wiki/Q7045841	Noblesse	Familles catholiques de la noblesse du Royaume-Uni	Q12590373	https://www.wikidata.org/wiki/Q12590373	Noblesse		Q3101696	https://www.wikidata.org/wiki/Q3101696	Noblesse	
affaire	Q31866561	https://www.wikidata.org/wiki/Q31866561	Affaire		Q64392219	https://www.wikidata.org/wiki/Q64392219	Affaire Romand	Affaire Romand	Q29110673	https://www.wikidata.org/wiki/Q29110673	affaire Noëlle Becquelin et Marie-Marthe Germanier contre État du Valais	Affaire Noëlle Becquelin et Marie-Marthe Germanier contre État du Valais	Q1179408	https://www.wikidata.org/wiki/Q1179408	Valkhof Festival		Q2825974	https://www.wikidata.org/wiki/Q2825974	Affaire des fiches	Affaire des fiches
opéra	Q283339	https://www.wikidata.org/wiki/Q283339	Paris Opera	Opéra de Paris	Q785479	https://www.wikidata.org/wiki/Q785479	opéra comique	opéra-comique	Q1392037	https://www.wikidata.org/wiki/Q1392037	Opéra	Opéra	Q187840	https://www.wikidata.org/wiki/Q187840	Palais Garnier	palais Garnier	Q872222	https://www.wikidata.org/wiki/Q872222	Opéra-Comique	théâtre national de l'Opéra-Comique
lumière	Q157036	https://www.wikidata.org/wiki/Q157036	775 Lumière	(775) Lumière	Q20723834	https://www.wikidata.org/wiki/Q20723834	Société A. Lumière et ses Fils	société Lumière	Q55965	https://www.wikidata.org/wiki/Q55965	Auguste and Louis Lumière	Auguste et Louis Lumière	Q83665750	https://www.wikidata.org/wiki/Q83665750	Rosa 'Lumière'	Rosa ’Lumière’	Q25095757	https://www.wikidata.org/wiki/Q25095757	Lumière	Lumière
classe	Q10387684	https://www.wikidata.org/wiki/Q10387684	monument historique classé	monument historique classé	Q785115	https://www.wikidata.org/wiki/Q785115	Classe	Classe	Q83344907	https://www.wikidata.org/wiki/Q83344907	Claße	Claße	Q5128044	https://www.wikidata.org/wiki/Q5128044	Classe	Classe	Q83344937	https://www.wikidata.org/wiki/Q83344937	Classe	Classe
organisation	Q43229	https://www.wikidata.org/wiki/Q43229	organization	organisation	Q484652	https://www.wikidata.org/wiki/Q484652	international organization	organisation internationale	Q163740	https://www.wikidata.org/wiki/Q163740	nonprofit organization	organisme sans but lucratif	Q41550	https://www.wikidata.org/wiki/Q41550	Organisation for Economic Cooperation and Development	Organisation de coopération et de développement économiques	Q15911314	https://www.wikidata.org/wiki/Q15911314	association	association
pain	Q81938	https://www.wikidata.org/wiki/Q81938	pain	douleur	Q2798704	https://www.wikidata.org/wiki/Q2798704	neuropathic pain	douleur neuropathique	Q2317902	https://www.wikidata.org/wiki/Q2317902	Pain	Pain	Q506616	https://www.wikidata.org/wiki/Q506616	drowning	noyade	Q1088113	https://www.wikidata.org/wiki/Q1088113	chronic pain	douleur chronique
paix	Q3006494	https://www.wikidata.org/wiki/Q3006494	Paix / La Paix	Paix / La Paix	Q3360652	https://www.wikidata.org/wiki/Q3360652	Paix	Paix	Q38691212	https://www.wikidata.org/wiki/Q38691212	Paix	Paix	Q951602	https://www.wikidata.org/wiki/Q951602	Port-de-Paix	chansolme	Q1883102	https://www.wikidata.org/wiki/Q1883102	Port-de-Paix Arrondissement	Port-de-Paix
paysage	Q59311195	https://www.wikidata.org/wiki/Q59311195	Paysage	Paysage	Q24058841	https://www.wikidata.org/wiki/Q24058841	Paysage		Q24063009	https://www.wikidata.org/wiki/Q24063009	Paysage		Q11939780	https://www.wikidata.org/wiki/Q11939780	Paysage	Paysage	Q59549823	https://www.wikidata.org/wiki/Q59549823	Paysage	Paysage
peuple	Q776373	https://www.wikidata.org/wiki/Q776373	Saint-Philbert-du-Peuple	Saint-Philbert-du-Peuple	Q719806	https://www.wikidata.org/wiki/Q719806	L'Ami du peuple	L'Ami du peuple	Q565089	https://www.wikidata.org/wiki/Q565089	Le Peuple	Le Peuple	Q15968229	https://www.wikidata.org/wiki/Q15968229	Appel au peuple	Appel au peuple	Q1435490	https://www.wikidata.org/wiki/Q1435490	people's house	maison du peuple
philosophe	Q79892412	https://www.wikidata.org/wiki/Q79892412	Philosophe		Q76352711	https://www.wikidata.org/wiki/Q76352711	Philosophe		Q2838989	https://www.wikidata.org/wiki/Q2838989	allée du Philosophe	allée du Philosophe	Q3225585	https://www.wikidata.org/wiki/Q3225585	Le Philosophe scythe	Le Philosophe scythe	Q2529224	https://www.wikidata.org/wiki/Q2529224	Philosophe British Cemetery	cimetière britannique de Philosophe
philosophie	Q2827292	https://www.wikidata.org/wiki/Q2827292	agrégation de philosophie	agrégation de philosophie	Q15763113	https://www.wikidata.org/wiki/Q15763113	Philosophie	Philosophie	Q19223718	https://www.wikidata.org/wiki/Q19223718	Philosophie		Q5891	https://www.wikidata.org/wiki/Q5891	philosophy	philosophie	Q3381200	https://www.wikidata.org/wiki/Q3381200	Philosophie Magazine	Philosophie magazine
poésie	P5477	https://www.wikidata.org/wiki/P5477	Les Voix de la poésie poet ID	identifiant Les Voix de la poésie	Q11888802	https://www.wikidata.org/wiki/Q11888802	Poésie	Poésie	P5393	https://www.wikidata.org/wiki/P5393	cipM poet ID	identifiant Centre international de poésie Marseille	Q482	https://www.wikidata.org/wiki/Q482	poetry	poésie	Q3574345	https://www.wikidata.org/wiki/Q3574345	Histoire de la poésie française. Vol. 1	Histoire de la poésie française. 1, La poésie du Moyen Âge
pologne	Q549121	https://www.wikidata.org/wiki/Q549121	Tour de Pologne	Tour de Pologne	Q8194927	https://www.wikidata.org/wiki/Q8194927	Category:Tour de Pologne	Catégorie:Tour de Pologne	Q20746173	https://www.wikidata.org/wiki/Q20746173	2016 Tour de Pologne	Tour de Pologne 2016	Q939818	https://www.wikidata.org/wiki/Q939818	2010 Tour de Pologne	Tour de Pologne 2010	Q207272	https://www.wikidata.org/wiki/Q207272	Second Polish Republic	Deuxième République de Pologne
pouvoir	Q57004658	https://www.wikidata.org/wiki/Q57004658	pouvoir	pouvoir	Q97657019	https://www.wikidata.org/wiki/Q97657019	Tecno Pouvoir 4		Q20991450	https://www.wikidata.org/wiki/Q20991450	Pouvoir civil	Pouvoir civil	Q24451279	https://www.wikidata.org/wiki/Q24451279	L'Image et le Pouvoir	L'Image et le pouvoir. Le siècle des Antonins	Q3403873	https://www.wikidata.org/wiki/Q3403873	Prise de pouvoir	Prise de pouvoir
prince	Q2747456	https://www.wikidata.org/wiki/Q2747456	prince	prince	Q7542	https://www.wikidata.org/wiki/Q7542	Prince	Prince	Q34261	https://www.wikidata.org/wiki/Q34261	Port-au-Prince	Port-au-Prince	Q1979	https://www.wikidata.org/wiki/Q1979	Prince Edward Island	Île-du-Prince-Édouard	Q22881	https://www.wikidata.org/wiki/Q22881	Prince-Bishop	prince-évêque
prison	Q40357	https://www.wikidata.org/wiki/Q40357	prison	prison	Q80044	https://www.wikidata.org/wiki/Q80044	Prison Break	Prison Break	Q912407	https://www.wikidata.org/wiki/Q912407	San Quentin State Prison	prison d'État de San Quentin	Q586250	https://www.wikidata.org/wiki/Q586250	prison film	prison au cinéma	Q18331255	https://www.wikidata.org/wiki/Q18331255	penitentiary center	centre pénitentiaire
progrès	Q933046	https://www.wikidata.org/wiki/Q933046	FC Progrès Niedercorn	Football Club Progrès Niedercorn	Q10977	https://www.wikidata.org/wiki/Q10977	Le Progrès	Le Progrès	Q72939903	https://www.wikidata.org/wiki/Q72939903	Entreprise et Progrès	Entreprise et Progrès	Q3407094	https://www.wikidata.org/wiki/Q3407094	Progrès-Dimanche	Progrès-Dimanche	Q2515428	https://www.wikidata.org/wiki/Q2515428	Rue du Progrès - Vooruitgangstraat	rue du Progrès
propriété	Q47528303	https://www.wikidata.org/wiki/Q47528303	Qu’est-ce que la propriété ?	Qu’est-ce que la propriété ?	Q15953182	https://www.wikidata.org/wiki/Q15953182	Propriété Schranz	propriété Schranz	Q3407583	https://www.wikidata.org/wiki/Q3407583	Propriété Castellant	propriété Castellant	Q3407584	https://www.wikidata.org/wiki/Q3407584	Propriété Camalon	propriété Camalon	Q3407586	https://www.wikidata.org/wiki/Q3407586	Propriété Mon Repos	propriété Mon Repos
raison	Q28790864	https://www.wikidata.org/wiki/Q28790864	Raison	Raison	Q21492380	https://www.wikidata.org/wiki/Q21492380	Raison	Raison	Q933865	https://www.wikidata.org/wiki/Q933865	Raison	Raison	Q7285188	https://www.wikidata.org/wiki/Q7285188	Raison		Q622857	https://www.wikidata.org/wiki/Q622857	national interest	raison d'État
religion	Q9174	https://www.wikidata.org/wiki/Q9174	religion	religion	P140	https://www.wikidata.org/wiki/P140	religion	religion	Q58721	https://www.wikidata.org/wiki/Q58721	irreligion	irréligion	Q432	https://www.wikidata.org/wiki/Q432	Islam	islam	Q9268	https://www.wikidata.org/wiki/Q9268	Judaism	judaïsme
rêve	Q91635788	https://www.wikidata.org/wiki/Q91635788	Rêve	Rêve	Q42572239	https://www.wikidata.org/wiki/Q42572239	Le Rêve	Le Rêve	Q1810165	https://www.wikidata.org/wiki/Q1810165	Le Rêve	Le Rêve	Q3458467	https://www.wikidata.org/wiki/Q3458467	Rêve d'Ouest, rêve d'Est	Rêve d'Ouest, rêve d'Est	Q75409976	https://www.wikidata.org/wiki/Q75409976	Rêve	
révolution	Q30025458	https://www.wikidata.org/wiki/Q30025458	Révolution	Révolution	Q6534	https://www.wikidata.org/wiki/Q6534	French Revolution	Révolution française	Q42976	https://www.wikidata.org/wiki/Q42976	October Revolution	révolution d'Octobre	Q755138	https://www.wikidata.org/wiki/Q755138	counter-revolution	contre-révolution	Q473716	https://www.wikidata.org/wiki/Q473716	Hungarian Revolution of 1848	Révolution hongroise de 1848
rire	Q3226476	https://www.wikidata.org/wiki/Q3226476	Le Rire	Le Rire	Q57004365	https://www.wikidata.org/wiki/Q57004365	rire	rire	Q2606635	https://www.wikidata.org/wiki/Q2606635	Le Rire	Le Rire	Q3433078	https://www.wikidata.org/wiki/Q3433078	Rire & Chansons	Rire et Chansons	Q3388611	https://www.wikidata.org/wiki/Q3388611	Pince-sans-rire	Pince-sans-rire
sculpture	Q11634	https://www.wikidata.org/wiki/Q11634	art of sculpture	sculpture	Q860861	https://www.wikidata.org/wiki/Q860861	sculpture	sculpture	Q17310537	https://www.wikidata.org/wiki/Q17310537	sculpture	sculpture	Q245117	https://www.wikidata.org/wiki/Q245117	relief sculpture	relief	Q1759852	https://www.wikidata.org/wiki/Q1759852	sculpture garden	parc de sculptures
siècle	Q3214312	https://www.wikidata.org/wiki/Q3214312	« Patrimoine du XXe siècle » label	label « Patrimoine du XXe siècle »	Q40884216	https://www.wikidata.org/wiki/Q40884216	Grand dictionnaire universel du XIXe siècle	Grand dictionnaire universel du XIXe siècle	Q265581	https://www.wikidata.org/wiki/Q265581	fin de siècle	fin de siècle	Q7015	https://www.wikidata.org/wiki/Q7015	18th century	XVIIIe siècle	Q1703605	https://www.wikidata.org/wiki/Q1703605	Le Siècle	Le Siècle
soldat	Q604532	https://www.wikidata.org/wiki/Q604532	Soldat	Soldat	Q37522985	https://www.wikidata.org/wiki/Q37522985	Soldat	Soldat	Q7557207	https://www.wikidata.org/wiki/Q7557207	Soldat		Q2298553	https://www.wikidata.org/wiki/Q2298553	Soldat	Soldat	Q85854747	https://www.wikidata.org/wiki/Q85854747	Soldat	Soldat
soleil	Q112513	https://www.wikidata.org/wiki/Q112513	SOLEIL	Synchrotron soleil	Q9078686	https://www.wikidata.org/wiki/Q9078686	Soleil	Soleil	Q20001375	https://www.wikidata.org/wiki/Q20001375	Soleil	Soleil	Q7557550	https://www.wikidata.org/wiki/Q7557550	Soleil	Soleil	Q7557557	https://www.wikidata.org/wiki/Q7557557	Soleil	Soleil
suède	Q1574115	https://www.wikidata.org/wiki/Q1574115	Open de Suède Vårgårda	Open de Suède Vårgårda	Q34	https://www.wikidata.org/wiki/Q34	Sweden	Suède	Q26266059	https://www.wikidata.org/wiki/Q26266059	Open de Suède Vårgårda RR	Course en ligne de l'Open de Suède Vårgårda	Q10559647	https://www.wikidata.org/wiki/Q10559647	Anecdotes de Suède		Q26266060	https://www.wikidata.org/wiki/Q26266060	Open de Suède Vårgårda TTT	Contre-la-montre par équipes de l'Open de Suède Vårgårda
terre	Q492478	https://www.wikidata.org/wiki/Q492478	Terre Haute	Terre Haute	Q167024	https://www.wikidata.org/wiki/Q167024	Basse-Terre	Basse-Terre	Q1076619	https://www.wikidata.org/wiki/Q1076619	French Army	Armée de terre	Q184319	https://www.wikidata.org/wiki/Q184319	Adélie Land	Terre Adélie	Q36927980	https://www.wikidata.org/wiki/Q36927980	Terre	Terre
théâtre	Q1133501	https://www.wikidata.org/wiki/Q1133501	Odéon-Théâtre de l'Europe	théâtre de l'Odéon	Q30025584	https://www.wikidata.org/wiki/Q30025584	Théâtre	Théâtre	Q86256082	https://www.wikidata.org/wiki/Q86256082	Théâtre	Théâtre	Q55846843	https://www.wikidata.org/wiki/Q55846843	Théâtre	Théâtre	Q1469315	https://www.wikidata.org/wiki/Q1469315	Théâtre du Châtelet	théâtre du Châtelet
théologie	Q1473136	https://www.wikidata.org/wiki/Q1473136	Nouvelle Théologie	Nouvelle Théologie	Q34178	https://www.wikidata.org/wiki/Q34178	theology	théologie	Q3064316	https://www.wikidata.org/wiki/Q3064316	Faculté de théologie protestante de Strasbourg	Faculté de théologie protestante de Strasbourg	Q16303760	https://www.wikidata.org/wiki/Q16303760	Faculté de théologie d'Angers	Faculté de théologie d'Angers	Q20667737	https://www.wikidata.org/wiki/Q20667737	Faculté libre de théologie protestante de Montauban	Faculté de théologie protestante de Montauban
tradition	Q82821	https://www.wikidata.org/wiki/Q82821	tradition	tradition	Q7832266	https://www.wikidata.org/wiki/Q7832266	Tradition	Tradition	Q83670721	https://www.wikidata.org/wiki/Q83670721	Rosa 'Tradition'	Rosa ‘Tradition’	Q7832261	https://www.wikidata.org/wiki/Q7832261	Tradition	Tradition	Q7832267	https://www.wikidata.org/wiki/Q7832267	Tradition	Tradition
traduction	Q15756825	https://www.wikidata.org/wiki/Q15756825	Traduction, terminologie, rédaction	Traduction, terminologie, rédaction	Q4115148	https://www.wikidata.org/wiki/Q4115148	uterine myomectomy	Myomectomie	Q15755833	https://www.wikidata.org/wiki/Q15755833	Babel. Revue Internationale de la Traduction	Babel	Q15759791	https://www.wikidata.org/wiki/Q15759791	Terminologie et Traduction	Terminologie et traduction	Q15935836	https://www.wikidata.org/wiki/Q15935836	L'âge de la traduction	L'âge de la traduction
transport	Q7590	https://www.wikidata.org/wiki/Q7590	transport	transport	Q1435575	https://www.wikidata.org/wiki/Q1435575	transport	transport	Q3565868	https://www.wikidata.org/wiki/Q3565868	rail transport	transport ferroviaire	Q516739	https://www.wikidata.org/wiki/Q516739	road transport	transport routier	Q155930	https://www.wikidata.org/wiki/Q155930	maritime transport	transport maritime
travail	Q7835862	https://www.wikidata.org/wiki/Q7835862	Travail	Travail	Q1125638	https://www.wikidata.org/wiki/Q1125638	General Confederation of Labour	Confédération générale du travail	Q65114327	https://www.wikidata.org/wiki/Q65114327	Travail	Travail	Q4749046	https://www.wikidata.org/wiki/Q4749046	Travail	Travail	Q17224123	https://www.wikidata.org/wiki/Q17224123	Travail	Travail
urbanisme	Q3552216	https://www.wikidata.org/wiki/Q3552216	Urbanisme	Urbanisme	Q30025614	https://www.wikidata.org/wiki/Q30025614	Urbanisme	Urbanisme	Q3552218	https://www.wikidata.org/wiki/Q3552218	Urbanisme	Urbanisme	Q71557900	https://www.wikidata.org/wiki/Q71557900	Quaderns de Recerca en Urbanisme		Q59950	https://www.wikidata.org/wiki/Q59950	urbanism	urbanisme
ville	Q29884	https://www.wikidata.org/wiki/Q29884	Ville	Ville	Q1165252	https://www.wikidata.org/wiki/Q1165252	Ville	Ville	Q456327	https://www.wikidata.org/wiki/Q456327	Ville-d'Avray	Ville-d'Avray	Q420602	https://www.wikidata.org/wiki/Q420602	Ville	Ville	Q139229	https://www.wikidata.org/wiki/Q139229	Saguenay	Saguenay
volcan	Q1699400	https://www.wikidata.org/wiki/Q1699400	Volcán	Volcán	Q7940010	https://www.wikidata.org/wiki/Q7940010	Volcan / Volcán	Volcan	Q7940110	https://www.wikidata.org/wiki/Q7940110	Volcán	Volcán	Q4016103	https://www.wikidata.org/wiki/Q4016103	Volcán		Q6164614	https://www.wikidata.org/wiki/Q6164614	Volcan	Volcan
